alpha,cv_mse,cv_std
0.0,2990.709767753523,682.7176090338717
0.001,2990.711166970592,682.7234775460533
0.0031622776601683794,2990.7141940864594,682.7361471334592
0.01,2990.723780690964,682.7760346403389
0.03162277660168379,2990.75421983218,682.9004170004773
0.1,2990.851230385109,683.2768132454416
0.31622776601683794,2991.153739785242,684.3147006211578
1.0,2991.8959408207393,686.4719050582743
3.1622776601683795,2992.003778258935,688.0319181508702
10.0,2986.859619846849,681.9215677521611
31.622776601683793,2983.851337759498,657.0831921774643
100.0,3058.700942540053,591.7328730072151
316.22776601683796,3418.6109649476384,467.7465061531332
1000.0,4200.458593442747,375.3339778692407
3162.2776601683795,5151.527062481349,388.5500500198305
10000.0,5806.385444271979,416.6555170600409
