d,alpha,train_mse,test_mse,gap,pred_change,pred_change_std
2,0.0,1.0040593798951323,1.01742656491338,0.01336718501824774,0.005423692130819582,0.0008610498136633567
2,1.0,1.004077294423877,1.016778912014536,0.012701617590659131,0.005398636808967984,0.0008544178226327741
2,10.0,1.0057047282415321,1.01264356004268,0.006938831801147849,0.0051872069758974034,0.0007982042733697869
2,100.0,1.0863124306135155,1.0512731197285232,-0.035039310884992236,0.003925700304344982,0.0005521484117679699
5,0.0,0.9497021481727824,1.0266054299569256,0.07690328178414318,0.007640517322339883,0.00030641373817211285
5,1.0,0.9497983570362768,1.0271700878744228,0.07737173083814597,0.007584542090867272,0.0003066098108811983
5,10.0,0.9584374909554029,1.0404335814152685,0.08199609045986567,0.007141762136762304,0.0003171045642869755
5,100.0,1.3566583015968345,1.4884186140067779,0.13176031240994335,0.005725907555300477,0.0005647349751012816
10,0.0,0.907054752059069,1.0420614492752729,0.13500669721620384,0.010864811853463,0.0013045935532529538
10,1.0,0.907211572299137,1.0425600483864463,0.13534847608730938,0.010795800191778589,0.0013166797805545796
10,10.0,0.9213176027388232,1.060959279625214,0.13964167688639084,0.010344766195420237,0.0013562221076653302
10,100.0,1.582169010683519,1.7929405147056472,0.2107715040221283,0.009572605933613674,0.00131206452044641
20,0.0,0.8948103449951026,1.0913798686334975,0.19656952363839486,0.017283933962617133,0.0014808548300083433
20,1.0,0.8951812905135121,1.0905474742740164,0.1953661837605043,0.01717066327662503,0.0014477277675965861
20,10.0,0.9279922669200499,1.121336731461501,0.19334446454145116,0.01646098994852868,0.0012632232572194644
20,100.0,2.355955808801162,2.7250130847914584,0.3690572759902966,0.015820807094629484,0.0020083070396581634
50,0.0,0.6757455222540131,1.3165651669042326,0.6408196446502196,0.028929495847190324,0.0018848496409310858
50,1.0,0.6768166772374002,1.308450281028131,0.6316336037907309,0.028643088284606665,0.0017730175838265492
50,10.0,0.768054551473609,1.3810684172837677,0.6130138658101587,0.028289427984132587,0.0017154257181336936
50,100.0,4.343430834710494,5.690549199173359,1.3471183644628653,0.03927038532730818,0.0024582657712009467
100,0.0,0.4397631661467424,1.9420093937187062,1.502246227571964,0.06417234671717945,0.0028707932883223625
100,1.0,0.442874414918201,1.915207465599708,1.4723330506815069,0.06190304518122295,0.0025101659594413146
100,10.0,0.672614220613333,2.40889503508258,1.7362808144692472,0.05825769373193814,0.0021574490865475335
100,100.0,7.430536117303616,13.640114626291984,6.209578508988368,0.0784448152050721,0.0070752978710444114
150,0.0,0.2132292496080428,3.8091622131844645,3.5959329635764217,0.16388794801540113,0.023715674934095134
150,1.0,0.22294280723102883,3.6187755030221096,3.3958326957910807,0.14544144792278663,0.020237191900629222
150,10.0,0.6743976343610185,6.169650533890912,5.495252899529893,0.13043066648080956,0.008234007156922785
150,100.0,10.232978235399358,26.981691559796225,16.748713324396867,0.13299697278040878,0.01361612701242942
190,0.0,0.045684315851496196,22.300894728958603,22.255210413107108,1.335104837062168,0.5892449127900725
190,1.0,0.08414280372005173,9.937267396207874,9.853124592487822,0.33120522728456725,0.07007928019371432
190,10.0,0.7393872485632145,15.753524505911134,15.014137257347919,0.22866900169358298,0.028456418236524582
190,100.0,11.888760824361515,45.92889939490759,34.04013857054608,0.17520646090631806,0.01203809758711541
