setting,value,n,train_mse,test_mse,gap,pred_change,pred_change_std
alpha,0.0,25,0.1897684096708631,7.637806235548898,7.448037825878035,1.0206359800743212,0.4729916717370876
alpha,0.0,50,0.5630320776006379,1.8320575524840716,1.2690254748834338,0.10234037708989008,0.014037263691859873
alpha,0.0,100,0.6891815115844555,1.3102820693756076,0.6211005577911521,0.03532024743286851,0.0013473421344410382
alpha,0.0,200,0.9283745269179754,1.1669468247223833,0.23857229780440792,0.01665022643131017,0.001597029978173182
alpha,0.0,400,0.9560791275463487,1.12300103620128,0.16692190865493117,0.007884075992931349,0.00038656543991630684
alpha,0.0,800,0.9679864789706316,1.07857143379367,0.11058495482303843,0.0036521412632618258,0.00022690746155007102
alpha,0.0,1600,0.9838154425563548,1.0696136140912418,0.085798171534887,0.0018712303254887444,0.00020914572025910327
alpha,0.0,3000,0.983259454732243,1.0659464900092515,0.08268703527700849,0.0009952103927617947,3.81438846497986e-05
alpha,1.0,25,0.3060067427014824,2.832922662523493,2.5269159198220104,0.34727854923148294,0.053150471028218536
alpha,1.0,50,0.5723640915352938,1.743385319213753,1.1710212276784593,0.09453699140805907,0.014020331797671698
alpha,1.0,100,0.6910099409355194,1.2949109811540467,0.6039010402185273,0.034714707984251664,0.001317796759973953
alpha,1.0,200,0.9287687220755221,1.1656382137752104,0.2368694916996883,0.016575457778705522,0.0015843443046779958
alpha,1.0,400,0.9561781939704594,1.1215789664583116,0.16540077248785212,0.007858001609488756,0.00038393815894984304
alpha,1.0,800,0.9680101800053615,1.0777027135453618,0.1096925335400003,0.003646871979659967,0.00022702129123853564
alpha,1.0,1600,0.9838212625593385,1.0692398842980602,0.08541862173872161,0.0018698024047885877,0.00020891358025230397
alpha,1.0,3000,0.9832611006024818,1.0657400660221215,0.08247896541963962,0.0009949321763928131,3.80923256680283e-05
alpha,10.0,25,1.5334446734353997,4.564235576035171,3.030790902599771,0.1880959357560771,0.016047471202873777
alpha,10.0,50,1.0314142745206376,2.393717066525896,1.3623027920052584,0.08176066423452256,0.008287746832908081
alpha,10.0,100,0.8325380493611932,1.3708463086149372,0.5383082592537439,0.03301865619239931,0.0005901296030117528
alpha,10.0,200,0.9639098937401822,1.1944047433649012,0.230494849624719,0.016177541411255714,0.0014580032403349887
alpha,10.0,400,0.9655013296918794,1.1193578990716389,0.15385656937975944,0.007659991266325832,0.00035601537632347314
alpha,10.0,800,0.970302370492871,1.0722986640354004,0.10199629354252937,0.0036042542075819138,0.00022679928318392663
alpha,10.0,1600,0.9843908920239398,1.0664624323132916,0.08207154028935182,0.001858013194704334,0.0002071196619461933
alpha,10.0,3000,0.9834230609967014,1.0640470823844297,0.08062402138772828,0.0009925609111399386,3.784722152572966e-05
alpha,100.0,25,9.685589040318026,11.239690221688216,1.5541011813701893,0.07807927701271071,0.003205277682140016
alpha,100.0,50,6.464484987982144,8.765154827429642,2.3006698394474983,0.05480366328915735,0.003287596038814348
alpha,100.0,100,4.338373734077567,5.280944698340333,0.9425709642627655,0.0327381042754429,0.0019293574097211936
alpha,100.0,200,2.548639786433605,2.9792175821055396,0.43057779567193455,0.017792672496269146,0.0007512417483571368
alpha,100.0,400,1.5656328362594167,1.7253477710700422,0.1597149348106255,0.007448148235906592,0.0004558289912430396
alpha,100.0,800,1.1544253272591312,1.2054815882759125,0.05105626101678129,0.0035451105092201432,0.00022928420321414756
alpha,100.0,1600,1.035381347834404,1.0900656294992939,0.05468428166488981,0.0017720200208079524,0.00019007288603835313
alpha,100.0,3000,0.9986859912996188,1.0624139513090314,0.06372796000941261,0.0009744980656576394,3.917785818362316e-05
alpha,1000.0,25,17.588911642993196,15.740472795180688,-1.848438847812508,0.012338552866043032,0.00019218785676384002
alpha,1000.0,50,14.06134881225878,15.158720949993414,1.0973721377346344,0.010766792336903207,0.001094470320961713
alpha,1000.0,100,12.933725372365135,13.881629591068101,0.9479042187029663,0.009415912297764312,0.0009515893179734284
alpha,1000.0,200,10.969161496599375,11.85031430808379,0.8811528114844158,0.008565569827068452,0.00034825687409372114
alpha,1000.0,400,8.368900001904734,9.044783286161481,0.6758832842567468,0.005704886693530291,0.00043792090403535434
alpha,1000.0,800,5.589240349054494,5.689810146013568,0.10056979695907398,0.003741272315933184,0.0002710653223832755
alpha,1000.0,1600,3.1844704785432296,3.2187683355264043,0.03429785698317467,0.0018676424132554486,0.0001671052169357629
alpha,1000.0,3000,1.9116559557520074,1.9076103628174816,-0.004045592934525777,0.0010310244918323257,4.456931101382907e-05
lambda,0.0,25,0.1897684096708631,7.637806235548898,7.448037825878035,1.0206359800743212,0.4729916717370876
lambda,0.0,50,0.5630320776006379,1.8320575524840716,1.2690254748834338,0.10234037708989008,0.014037263691859873
lambda,0.0,100,0.6891815115844555,1.3102820693756076,0.6211005577911521,0.03532024743286851,0.0013473421344410382
lambda,0.0,200,0.9283745269179754,1.1669468247223833,0.23857229780440792,0.01665022643131017,0.001597029978173182
lambda,0.0,400,0.9560791275463487,1.12300103620128,0.16692190865493117,0.007884075992931349,0.00038656543991630684
lambda,0.0,800,0.9679864789706316,1.07857143379367,0.11058495482303843,0.0036521412632618258,0.00022690746155007102
lambda,0.0,1600,0.9838154425563548,1.0696136140912418,0.085798171534887,0.0018712303254887444,0.00020914572025910327
lambda,0.0,3000,0.983259454732243,1.0659464900092515,0.08268703527700849,0.0009952103927617947,3.81438846497986e-05
lambda,0.1,25,0.4927795204072492,2.9172489766329677,2.4244694562257183,0.2624028504521124,0.02863987677936436
lambda,0.1,50,0.723768702471881,1.8886637153892871,1.1648950129174063,0.08325308230162194,0.012270729032478176
lambda,0.1,100,0.8325380493611932,1.3708463086149372,0.5383082592537439,0.03301865619239931,0.0005901296030117528
lambda,0.1,200,1.0559866694382873,1.2933027447452925,0.23731607530700516,0.016249170913479768,0.001265155853218185
lambda,0.1,400,1.0848808727068737,1.2220483418280863,0.13716746912121258,0.007377680601389517,0.0003523439015078338
lambda,0.1,800,1.0929330627500111,1.1519746775526738,0.05904161480266268,0.003536805426545443,0.00022266414679805136
lambda,0.1,1600,1.1069189555933943,1.148476295771669,0.041557340178274726,0.0017494674132489314,0.00018352999500034038
lambda,0.1,3000,1.1058243205355915,1.14112245831041,0.035298137774818494,0.0009667855726611921,4.810323667576311e-05
lambda,1.0,25,3.5900096551498657,6.754731900469108,3.164722245319242,0.148514527995027,0.00949430413456609
lambda,1.0,50,3.8954339751340235,6.135162912458111,2.2397289373240876,0.06993728888122533,0.0021931358383065133
lambda,1.0,100,4.338373734077567,5.280944698340333,0.9425709642627655,0.0327381042754429,0.0019293574097211936
lambda,1.0,200,4.509659661519604,5.133797578369327,0.6241379168497234,0.017152272086699442,0.00047192155963506825
lambda,1.0,400,4.621184233782431,5.041840887407708,0.4206566536252767,0.007550944743204282,0.000575395585541289
lambda,1.0,800,4.7090733304524,4.786369527099938,0.07729619664753784,0.0038696609725238614,0.0002929848622061708
lambda,1.0,1600,4.7064844091374685,4.786732910651738,0.08024850151426932,0.0018421432235761817,0.00014276225748826156
lambda,1.0,3000,4.7130615328269645,4.751197178143861,0.038135645316896394,0.0010568385422659219,3.159764460723872e-05
lambda,10.0,25,13.921335154344053,13.755150355743632,-0.1661847986004208,0.04120899560984944,0.0010238131841536734
lambda,10.0,50,12.52870336165031,13.972049323137634,1.4433459614873243,0.019500565303439903,0.001847793583943979
lambda,10.0,100,12.933725372365135,13.881629591068101,0.9479042187029663,0.009415912297764312,0.0009515893179734284
lambda,10.0,200,12.998914768128168,13.875419309647324,0.8765045415191555,0.005067594681285319,0.0002390966884423198
lambda,10.0,400,13.016610099284009,13.89837154885206,0.8817614495680512,0.002252933294458,0.00016867061418400302
lambda,10.0,800,13.520156090615108,13.807366645413936,0.2872105547988273,0.0011796684337424283,7.170652939253317e-05
lambda,10.0,1600,13.412324091926035,13.82500790840039,0.41268381647435604,0.0005700824458104839,3.338159262679218e-05
lambda,10.0,3000,13.460611806489808,13.811785371920001,0.3511735654301926,0.0003237968822359952,1.112500201416472e-05
