alpha,train_mse,test_mse,test_r2,gap,pred_change,loss_change
0.0,1.0939718922604749,1.005679350253437,0.9402773007772828,-0.08829254200703796,0.008845282036024468,0.013886083839504163
0.001,1.0939718923597053,1.0056793947650422,0.940277298133942,-0.08829249759466307,0.00884525968882201,0.013886048146974597
0.0031622776601683794,1.093971893252766,1.00567949177557,0.9402772923729302,-0.08829240147719597,0.00884521136836631,0.01388597097047222
0.01,1.0939719021830019,1.0056798054260918,0.9402772737466596,-0.08829209675691008,0.008845058569277595,0.013885726922856082
0.03162277660168379,1.0939719914736485,1.005680866026614,0.9402772107624431,-0.08829112544703444,0.008844575412218723,0.013884955235658589
0.1,1.093972884009896,1.0056849070502312,0.9402769707845237,-0.08828797695966473,0.008843047896689462,0.013882515538048827
0.31622776601683794,1.0939817976804243,1.0057045445330293,0.9402758046041916,-0.08827725314739499,0.008838221160743872,0.013874808145945678
1.0,1.0940705661914234,1.0058348380068867,0.9402680670704062,-0.08823572818453673,0.00882299423936543,0.013850588669516524
3.1622776601683795,1.094946759715453,1.006916585933461,0.9402038270061777,-0.08803017378199196,0.008776604667025152,0.013781236616133728
10.0,1.1033598644099052,1.0166655706770875,0.939624879369017,-0.08669429373281767,0.008657017591718538,0.013710395126237306
31.622776601683793,1.177746471356571,1.1006292425174187,0.934638660732141,-0.0771172288391524,0.008409362495127979,0.014095780866967935
100.0,1.704217600323717,1.6817827181336074,0.9001266125154647,-0.022434882190109695,0.008461919072594073,0.017728891656836873
316.22776601683796,4.004738039913931,4.137791571604544,0.7542754741708111,0.13305353169061274,0.008627260651098508,0.02894349186022821
1000.0,8.763339046005644,9.01241401409962,0.46479393128731117,0.24907496809397678,0.00631586707384757,0.031245928394287244
3162.2776601683795,13.182682245283717,13.390092572704903,0.20482361392578285,0.20741032742118648,0.0030123044915565398,0.01829000286144559
10000.0,15.453784836530971,15.599136122066197,0.07363861600856292,0.14535128553522547,0.0011131855962955583,0.007312635380491325
